chr,DMR.start,DMR.end,DMR,direction,gene.name,gene.start,gene.end,strands,distance,logFC,logCPM,F,PValue,FDR,contrast
NC_046366.1,7081208,7081367,DMR_3,hypermethylated,fggy,7075099,7105964,+,0,0.0350152347761278,3.05106215426503,0.0140216283334231,0.906590917091028,0.938921712618864,20_OC_N
NC_046365.1,15852888,15853022,DMR_10,hypermethylated,suclg1,15962794,15989532,-,109772,0.166297933865117,7.63440654992278,0.911228498293051,0.348006299241164,0.507082772388347,5_OC_N
NC_046381.1,33303844,33304404,DMR_44,hypermethylated,cpne3,33297479,33320567,+,0,0.187480757395788,2.83468792575461,0.396900389532292,0.533832637606366,0.682119309440441,5_OC_N
NC_046383.1,26686118,26686700,DMR_46,hypermethylated,ctnna1,26698798,26782758,+,12098,0.234730472953113,5.5655863018445,1.30281326819557,0.263425353083893,0.418104096782691,5_OC_N
NC_046383.1,39015627,39015700,DMR_47,hypermethylated,LOC105937346,38972023,38980340,-,-35288,-0.140050804169753,8.68495530514226,0.258258406735402,0.615323414074938,0.749456829992027,5_OC_N
NW_023396522.1,97637,97781,DMR_48,hypermethylated,hspa8,70014,73436,+,-24202,0.140379060603259,11.108665134788,0.950609422044637,0.337962371128512,0.497302790838426,5_OC_N
NW_023397044.1,1608779,1608864,DMR_55,hypermethylated,fbl,1573817,1583372,+,-25408,0.372512986484741,5.92817586277062,4.52424565435376,0.0424187559114028,0.116784336505204,5_OC_N
